id,label,category,arm,mode,elapsedSeconds,samplingSeconds,likelyCachedReplay,seed,width,height,durationSeconds,fps,steps,nativeAudio,mediaValid,frameCount,videoCodec,audioCodec,workflowRevisionId,workflowPackageId,attentionBackend,cacheImplementation,cachePreset,sampler,scheduler,runtimeFingerprint,backendDispatchSignature,sourceFile
20ba040a7c8b0c83,seed-hunter-10eros-beta4-reddit-camera-pov-independent-final-final,multi-stage,,,228.601,,false,,,,,,,,,,,,,,,,,,,,,seed-hunter-10eros-beta4-reddit-camera-pov-independent-final/manifest.json
ac9c79a4ced74c7c,seed-hunter-10eros-beta4-reddit-camera-pov-independent-preview-preview,multi-stage,,,36.745,,false,,,,,,,,,,,,,,,,,,,,,seed-hunter-10eros-beta4-reddit-camera-pov-independent-preview/manifest.json
c6e0245049f5011c,seed-hunter-10eros-beta4-reddit-camera-pov-seed-1-preview-preview,multi-stage,,,70.009,,false,,,,,,,,,,,,,,,,,,,,,seed-hunter-10eros-beta4-reddit-camera-pov-seed-1-preview/manifest.json
36948b2425f40e2d,seed-hunter-10eros-beta4-reddit-seed-1-preview-preview,multi-stage,,,36.737,,false,,,,,,,,,,,,,,,,,,,,,seed-hunter-10eros-beta4-reddit-seed-1-preview/manifest.json
d5c135e5a5596f73,seed-hunter-10eros-beta4-reddit-independent-seed-15s-final,multi-stage,,,206.8,,false,,,,,,,,,,,,,,,,,,,,,seed-hunter-10eros-beta4-reddit-independent-seed-15s/manifest.json
5114ffe076699908,seed-hunter-10eros-beta4-reddit-independent-seed-15s-preview,multi-stage,,,36.721,,false,,,,,,,,,,,,,,,,,,,,,seed-hunter-10eros-beta4-reddit-independent-seed-15s/manifest.json
aa43aa8ae189e580,seed-hunter-10eros-beta4-reddit-canonical-15s-final,canonical,,,204.085,,false,,,,,,,,,,,,,,,,,,,,,seed-hunter-10eros-beta4-reddit-canonical-15s/manifest.json
9e7c60962c117749,seed-hunter-10eros-beta4-reddit-canonical-15s-preview,canonical,,,124.309,,false,,,,,,,,,,,,,,,,,,,,,seed-hunter-10eros-beta4-reddit-canonical-15s/manifest.json
b16ce01bd5a04836,canonical-10eros-beta4-r2-warm,canonical,10eros-beta4,fl2va,5.8413067000000005,0,true,81390012120021180,768,1344,15,24,8,true,true,362,h264,aac,minimax-h3@benchmark-fl2va-10eros-beta4,minimax-h3-fl2va.benchmark-10eros-beta4@1,comfy_kitchen,,,euler,simple,01ac45db6c375da1e3d8aac9c2c0b38ecf57f2489fc2f87b8cad2117a4583b8a,89ab30f2e78ae05f7e3141809269a826b33bfe84eb8c816d80ac2703dfe35064,canonical-10eros-beta4-r2-warm/evidence.json
126a754b2d8a4ae7,canonical-10eros-beta4-r1,canonical,10eros-beta4,fl2va,373.9613085,319.0647537,false,81390012120021180,768,1344,15,24,8,true,true,362,h264,aac,minimax-h3@benchmark-fl2va-10eros-beta4,minimax-h3-fl2va.benchmark-10eros-beta4@1,comfy_kitchen,,,euler,simple,01ac45db6c375da1e3d8aac9c2c0b38ecf57f2489fc2f87b8cad2117a4583b8a,997d07f91aa8602b3c7d0c66dcf4ddf4502ba15bf3ce48ef4f0fc68662495fbc,canonical-10eros-beta4-r1/evidence.json
7d3e39f07a8592f7,seed-hunter-v122-direct-one-seed-15s-matched-final,multi-stage,,,285.765,,false,,,,,,,,,,,,,,,,,,,,,seed-hunter-v122-direct-one-seed-15s-matched/manifest.json
c2f0c46ccb0386b8,seed-hunter-v122-canonical-15s-matched-final,canonical,,,203.859,,false,,,,,,,,,,,,,,,,,,,,,seed-hunter-v122-canonical-15s-matched/manifest.json
2fe6338085d6489e,seed-hunter-v122-canonical-15s-final,canonical,,,210.427,,false,,,,,,,,,,,,,,,,,,,,,seed-hunter-v122-canonical-15s/manifest.json
6d98ceb6f731877f,seed-hunter-v122-canonical-15s-preview,canonical,,,257.029,,false,,,,,,,,,,,,,,,,,,,,,seed-hunter-v122-canonical-15s/seed-hunter-v122-canonical-15s-preview.json
abddb917845b1c7c,seed-hunter-v122-smoke-4s-final,multi-stage,,,39.837,,false,,,,,,,,,,,,,,,,,,,,,seed-hunter-v122-smoke-4s/manifest.json
7ad16604f8b86c11,seed-hunter-v122-smoke-4s-preview,multi-stage,,,33.705,,false,,,,,,,,,,,,,,,,,,,,,seed-hunter-v122-smoke-4s/seed-hunter-v122-smoke-4s-preview.json
800358aea19990b2,fiveframe-lora-070-seedvr2-2x,image-workflow,,,3.635,,false,,1536,2688,,,,,,,,,,,,,,,,,,h3-oneframe-photoreal-20260901/fiveframe-lora-070-seedvr2-2x.json
3a38b87e792c28ce,fiveframe-lora-040-seedvr2-2x,image-workflow,,,8.776,,false,,1536,2688,,,,,,,,,,,,,,,,,,h3-oneframe-photoreal-20260901/fiveframe-lora-040-seedvr2-2x.json
aa630b9265d6366d,fiveframe-lora-070,image-workflow,,,6.106,,false,260901301,768,1344,,,20,,,,,,,,,,,res_multistep,simple,,,h3-oneframe-photoreal-20260901/fiveframe-lora-070.json
ffef3a5612f4ef69,fiveframe-lora-040,image-workflow,,,22.343,,false,260901301,768,1344,,,20,,,,,,,,,,,res_multistep,simple,,,h3-oneframe-photoreal-20260901/fiveframe-lora-040.json
44c819c6cabe3383,oneframe-hires-lora-070-seedvr2-2x,image-workflow,,,7.746,,false,,2304,4096,,,,,,,,,,,,,,,,,,h3-oneframe-photoreal-20260901/oneframe-hires-lora-070-seedvr2-2x.json
573c2dc751ab4b62,oneframe-hires-control-seedvr2-2x,image-workflow,,,12.901,,false,,2304,4096,,,,,,,,,,,,,,,,,,h3-oneframe-photoreal-20260901/oneframe-hires-control-seedvr2-2x.json
a02f078b7c00382e,oneframe-hires-lora-070,image-workflow,,,12.185,,false,260901301,1152,2048,,,20,,,,,,,,,,,res_multistep,simple,,,h3-oneframe-photoreal-20260901/oneframe-hires-lora-070.json
044dccb01cc7e31c,oneframe-hires-control,image-workflow,,,21.515,,false,260901301,1152,2048,,,20,,,,,,,,,,,res_multistep,simple,,,h3-oneframe-photoreal-20260901/oneframe-hires-control.json
2ddaa3eac35ab502,oneframe-lora-100-seedvr2-2x,image-workflow,,,3.631,,false,,1536,2688,,,,,,,,,,,,,,,,,,h3-oneframe-photoreal-20260901/oneframe-lora-100-seedvr2-2x.json
b6a921d154171489,oneframe-lora-070-seedvr2-2x,image-workflow,,,3.613,,false,,1536,2688,,,,,,,,,,,,,,,,,,h3-oneframe-photoreal-20260901/oneframe-lora-070-seedvr2-2x.json
00d531b11e61d5ba,oneframe-lora-040-seedvr2-2x,image-workflow,,,3.612,,false,,1536,2688,,,,,,,,,,,,,,,,,,h3-oneframe-photoreal-20260901/oneframe-lora-040-seedvr2-2x.json
71214ee6e42200dd,oneframe-control-cold-seedvr2-2x,image-workflow,,,9.011,,false,,1536,2688,,,,,,,,,,,,,,,,,,h3-oneframe-photoreal-20260901/oneframe-control-cold-seedvr2-2x.json
5e8c6286cb5d3d8d,oneframe-lora-100,image-workflow,,,5.095,,false,260901301,768,1344,,,20,,,,,,,,,,,res_multistep,simple,,,h3-oneframe-photoreal-20260901/oneframe-lora-100.json
b9a2b87679bc2563,oneframe-lora-070,image-workflow,,,5.131,,false,260901301,768,1344,,,20,,,,,,,,,,,res_multistep,simple,,,h3-oneframe-photoreal-20260901/oneframe-lora-070.json
200da5ae674a9bcc,oneframe-lora-040,image-workflow,,,10.183,,false,260901301,768,1344,,,20,,,,,,,,,,,res_multistep,simple,,,h3-oneframe-photoreal-20260901/oneframe-lora-040.json
1a46601fcd8e43b5,oneframe-control-cold,image-workflow,,,25.401,,false,260901301,768,1344,,,20,,,,,,,,,,,res_multistep,simple,,,h3-oneframe-photoreal-20260901/oneframe-control-cold.json
f2fe576dba78002d,ref2va-still-standard-identity-20260901,other,standard,ref2va,122.4164521,92.8207131,false,81390012120021180,768,1344,4,24,20,true,true,107,h264,aac,minimax-h3@benchmark-ref2va-standard,minimax-h3-ref2va.benchmark-standard@1,h3_sageattention2,first_block_cache,safe,res_multistep,simple,01ac45db6c375da1e3d8aac9c2c0b38ecf57f2489fc2f87b8cad2117a4583b8a,e7371931c6eecf9f3ece28bceef15232fe5aebc43bfeac426871fb75b6ca0e0c,ref2va-still-standard-identity-20260901/evidence.json
6ad7c744e6cb821e,our-audit-pdd8-sage-full-r3,canonical,pdd-sage,fl2va,372.58851999999996,320.8422816,false,81390012120021180,768,1344,15,24,8,true,true,362,h264,aac,minimax-h3@benchmark-fl2va-pdd-sage,minimax-h3-fl2va.benchmark-pdd-sage@1,minimax_h3_memory_efficient_sage_attention,none,,euler,simple,01ac45db6c375da1e3d8aac9c2c0b38ecf57f2489fc2f87b8cad2117a4583b8a,03ef391811e6f47d53ec41d4162e094dd56c82825acd9f49ad9293360c4cb7d1,our-audit-pdd8-sage-full-r3/evidence.json
7d9556f57e5c441c,our-audit-pdd8-sage-full-r2,canonical,pdd-sage,fl2va,5.9320245,0,true,81390012120021180,768,1344,15,24,8,true,true,362,h264,aac,minimax-h3@benchmark-fl2va-pdd-sage,minimax-h3-fl2va.benchmark-pdd-sage@1,minimax_h3_memory_efficient_sage_attention,none,,euler,simple,01ac45db6c375da1e3d8aac9c2c0b38ecf57f2489fc2f87b8cad2117a4583b8a,5d496f9c3ce3aac11a4a36073b0c3cf1ac3a081c7a269ff1c87fe54ca63588cb,our-audit-pdd8-sage-full-r2/evidence.json
ab5c23edf6249ce1,our-audit-pdd8-sage-full-r1,canonical,pdd-sage,fl2va,377.496222,326.319985,false,81390012120021180,768,1344,15,24,8,true,true,362,h264,aac,minimax-h3@benchmark-fl2va-pdd-sage,minimax-h3-fl2va.benchmark-pdd-sage@1,minimax_h3_memory_efficient_sage_attention,none,,euler,simple,01ac45db6c375da1e3d8aac9c2c0b38ecf57f2489fc2f87b8cad2117a4583b8a,e7998eb8d04e2c0f51a25464a318027475c0a99a0b34d61e96bba43cb02fc4bf,our-audit-pdd8-sage-full-r1/evidence.json
b4d80119a95edb95,our-audit-screen-control-a3-4step,canonical,sage,fl2va,213.9086066,163.5985855,false,81390012120021180,768,1344,15,24,4,true,true,362,h264,aac,minimax-h3@benchmark-fl2va-sage,minimax-h3-fl2va.benchmark-sage@1,h3_sageattention2,,,res_multistep,simple,01ac45db6c375da1e3d8aac9c2c0b38ecf57f2489fc2f87b8cad2117a4583b8a,250f548b654549f966a0588f513888f735ecb4e96d40c71746d1a5e8c520005b,our-audit-screen-control-a3-4step/evidence.json
d86fef7d73c67549,our-audit-screen-noclone-a2-4step,canonical,sage,fl2va,208.7119762,159.3095944,false,81390012120021180,768,1344,15,24,4,true,true,362,h264,aac,minimax-h3@benchmark-fl2va-sage,minimax-h3-fl2va.benchmark-sage@1,h3_sageattention2,,,res_multistep,simple,01ac45db6c375da1e3d8aac9c2c0b38ecf57f2489fc2f87b8cad2117a4583b8a,f58356ee7a2ca6dfc59e3f78ad957beaf29609e9f2590b433f9e78f07db0ced6,our-audit-screen-noclone-a2-4step/evidence.json
24d1f73204d96838,our-audit-screen-control-a2-4step,canonical,sage,fl2va,219.1616555,162.9210313,false,81390012120021180,768,1344,15,24,4,true,true,362,h264,aac,minimax-h3@benchmark-fl2va-sage,minimax-h3-fl2va.benchmark-sage@1,h3_sageattention2,,,res_multistep,simple,01ac45db6c375da1e3d8aac9c2c0b38ecf57f2489fc2f87b8cad2117a4583b8a,8ce43f34c4e2e5897097b710bd2954acd1c7caeeae4d7c543e754898cf524b43,our-audit-screen-control-a2-4step/evidence.json
36328de8a4c199b5,fun-control-canny-smoke-r1,other,fun-control,fl2va,308.17264720000003,233.48355119999997,false,81390012120021180,768,1344,4,24,20,true,true,107,h264,aac,minimax-h3@benchmark-fl2va-fun-control,minimax-h3-fl2va.benchmark-fun-control@1,sageattention2,,,,,7bf974f39afaa7d5c262156b382a629a5696be9aec939181a084a4696168da8a,9259d9c42366efeae857cc61bb3d8aa08bdedeb8d3950bb7c91588a4ed787a2f,fun-control-canny-smoke-r1/evidence.json
7f39d74b3949a4ec,canonical-native-guide-frame181-r1,canonical,native-guide,fl2va,613.7691799999999,563.8636604,false,81390012120021180,768,1344,15,24,20,true,true,362,h264,aac,minimax-h3@benchmark-fl2va-native-guide,minimax-h3-fl2va.benchmark-native-guide@1,h3_sageattention2,first_block_cache,safe,res_multistep,simple,7bf974f39afaa7d5c262156b382a629a5696be9aec939181a084a4696168da8a,dba357263f4a7862e6124aeea219178f455d72a1bb60420da39689b3e9076a5c,canonical-native-guide-frame181-r1/evidence.json
2036f64f0033ac78,native-guide-smoke-frame56-r1,other,native-guide,fl2va,107.72411770000001,81.11791810000001,false,81390012120021180,768,1344,4,24,20,true,true,107,h264,aac,minimax-h3@benchmark-fl2va-native-guide,minimax-h3-fl2va.benchmark-native-guide@1,h3_sageattention2,first_block_cache,safe,res_multistep,simple,7bf974f39afaa7d5c262156b382a629a5696be9aec939181a084a4696168da8a,141c919f503a4eac9ed36b860a57c17ebf5b37562c3c9dad76de5b3bd55c0c7e,native-guide-smoke-frame56-r1/evidence.json
2afa4c17fe834fa4,canonical-standard-fl2va-r1,canonical,standard,fl2va,611.380225,558.1307385,false,81390012120021180,768,1344,15,24,20,true,true,362,h264,aac,minimax-h3@benchmark-fl2va-standard,minimax-h3-fl2va.benchmark-standard@1,h3_sageattention2,first_block_cache,safe,res_multistep,simple,7bf974f39afaa7d5c262156b382a629a5696be9aec939181a084a4696168da8a,3ae5fe928e1562169694a73e4b77355e216e193dce6bf58c1463e2b0a9ecffd8,canonical-standard-fl2va-r1/evidence.json
4377125454dc6afc,h3-bridge-fl2va-533002,attention,sage,fl2va,66.3487696,58.244981200000005,false,533002,576,1024,4,24,20,true,true,107,h264,aac,minimax-h3@benchmark-fl2va-sage,minimax-h3-fl2va.benchmark-sage@1,h3_sageattention2,,,res_multistep,simple,7bf974f39afaa7d5c262156b382a629a5696be9aec939181a084a4696168da8a,435d73a2a4a61f65ac43c782c8e43d4ad0cdc5d678b79e1655cc2c5e8897b59f,h3-bridge-fl2va-533002/evidence.json
1dca6b91d7f370f2,h3-bridge-fl2va-533001,attention,sage,fl2va,81.5385504,63.555788400000004,false,533001,576,1024,4,24,20,true,true,107,h264,aac,minimax-h3@benchmark-fl2va-sage,minimax-h3-fl2va.benchmark-sage@1,h3_sageattention2,,,res_multistep,simple,7bf974f39afaa7d5c262156b382a629a5696be9aec939181a084a4696168da8a,8e8d03ccd636d15e9ab04c2eee89c6bb27759723589902619b3e41c55a628922,h3-bridge-fl2va-533001/evidence.json
4ff3fc9838277890,ck-ref2va,attention,,ref2va,46.419,,false,8293901,576,576,4,24,20,true,true,107,h264,aac,minimax-h3@39,minimax-h3-ref2va.comfy-kitchen@1,comfy_kitchen_int8,,,,,,a51bcc8f74f08d71959820ff670efff3daee01a96169b5885fd4d77a7ceeb289,experimental-ck-attention/package-canaries-20260829/evidence.json
a79c935e3742783f,ck-fl2va,attention,,fl2va,36.366,,false,8293801,576,576,4,24,20,true,true,107,h264,aac,minimax-h3@38,minimax-h3-fl2va.comfy-kitchen@1,comfy_kitchen_int8,,,,,,cbb194bbc534ea99b0436fa6a080ebbb68aec5730038f23fa0de1ba23f35fee9,experimental-ck-attention/package-canaries-20260829/evidence.json
629276efcc028c24,turbo-fl2va-flexible,other,,fl2va,26.313,,false,8293201,576,576,4,24,,true,true,107,h264,aac,minimax-h3@32,minimax-h3-fl2va.turbo@1,,,,,,,44601a0bc09706adbb96c7e29b162a53a7526d7d953e9a140867fc69a0b02f6a,core-upgrade-2504e68/package-canaries-20260829/evidence-turbo-fl2va-flexible.json
e2eaa399cd31569b,turbo-ref2va,other,,ref2va,26.904,,false,8293401,576,576,4,24,,true,true,107,h264,aac,minimax-h3@34,minimax-h3-ref2va.turbo@1,,,,,,,797b1fe0e191c3ae43d8904c763b2cc820e5c17aa2285a37998dcc9d2348513c,core-upgrade-2504e68/package-canaries-20260829/evidence.json
c3b9b2d3d3db9ce7,turbo-fl2va,other,,fl2va,24.874,,false,8293301,576,576,4,24,,true,true,107,h264,aac,minimax-h3@33,minimax-h3-fl2va.turbo@1,,,,,,,6a35ded093b37d00dbc5174f112dc06ef4a10b164284cce981cc7b28c319c8e8,core-upgrade-2504e68/package-canaries-20260829/evidence.json
f4c6ef2a2a929d91,standard-ref2va,other,,ref2va,38.4,,false,8293103,576,576,4,24,,true,true,107,h264,aac,minimax-h3@31,minimax-h3-ref2va.standard@3,,,,,,,c02838f3491e61ce4e71da0a442ce4d9b1f37ea1ba85107dcff3acd07a61f3f6,core-upgrade-2504e68/package-canaries-20260829/evidence.json
5100cf1660acee45,standard-fl2va,other,,fl2va,39.215,,false,8293002,576,576,4,24,,true,true,107,h264,aac,minimax-h3@30,minimax-h3-fl2va.standard@2,,,,,,,e0042c8bf616b2f27ba47be13880697c8d2797d7974cd2134382c7d1523c1a6d,core-upgrade-2504e68/package-canaries-20260829/evidence.json
ce63140133d977d5,pdd-ref2va,step-distillation,,ref2va,30.297,,false,8294301,576,576,4,24,8,true,true,107,h264,aac,minimax-h3@43,minimax-h3-ref2va.alibaba-pdd@1,,,,,,,148670545d196ee024bb4d5e04280914c01959c8d70b012937525f4898cff754,experimental-alibaba-pdd/package-canaries-20260829/evidence.json
5b3ff5068470f2ae,pdd-fl2va,step-distillation,,fl2va,44.857,,false,8294201,576,576,4,24,8,true,true,107,h264,aac,minimax-h3@42,minimax-h3-fl2va.alibaba-pdd@1,,,,,,,fd2f6e16e937e4001e50f95c67176fb7f6dfc4e06979c90949320662c1305258,experimental-alibaba-pdd/package-canaries-20260829/evidence.json
6e84de1e17eb9ff6,MiniMax H3 Reference Standard zero-LoRA canary,compatibility,,ref2va,168.086,,false,,576,1024,4,24,20,true,,107,h264,aac,minimax-h3@31,minimax-h3-ref2va.standard@3,h3_sageattention2,first_block_cache,safe,res_multistep,simple,a4498fa9997e8c6be53140ca1d05b1a99262c425def292ec0e70d49616530a82,,post-activation/standard-canaries.json
5e841d9a9e77064e,MiniMax H3 Standard FL2VA zero-LoRA canary,compatibility,,fl2va,5.389,,false,,1344,768,4,24,20,true,,107,h264,aac,minimax-h3@30,minimax-h3-fl2va.standard@2,h3_sageattention2,first_block_cache,safe,res_multistep,simple,a4498fa9997e8c6be53140ca1d05b1a99262c425def292ec0e70d49616530a82,,post-activation/standard-canaries.json
f0a957c904bfcbd3,canary-turbo-ref-10-s260829610,compatibility,lightx-ref,ref2va,20.956820500000003,10.900777599999998,false,260829610,1024,576,4,24,4,true,true,107,h264,aac,minimax-h3@benchmark-ref2va-lightx-ref,minimax-h3-ref2va.benchmark-lightx-ref@1,,,,,,e5bab4f78eeee5ba56319c66b644b07354ed247562fe9084757d847b8bf22313,b895799a37a3898147c1a883a1b4f84872a09bf620c63ba23acc980968045525,canary-turbo-ref-10-s260829610/evidence.json
d5c3951262100916,canary-turbo-ref-09-s260829609,compatibility,lightx-ref,ref2va,20.9701651,10.692269699999999,false,260829609,1024,576,4,24,4,true,true,107,h264,aac,minimax-h3@benchmark-ref2va-lightx-ref,minimax-h3-ref2va.benchmark-lightx-ref@1,,,,,,e5bab4f78eeee5ba56319c66b644b07354ed247562fe9084757d847b8bf22313,4630a9540374656e2045d0d1a02050cd8921ca32462a48a261ec49b1b0259498,canary-turbo-ref-09-s260829609/evidence.json
ff3aea52a4d78c20,canary-turbo-ref-08-s260829608,compatibility,lightx-ref,ref2va,20.9348603,10.9696063,false,260829608,1024,576,4,24,4,true,true,107,h264,aac,minimax-h3@benchmark-ref2va-lightx-ref,minimax-h3-ref2va.benchmark-lightx-ref@1,,,,,,e5bab4f78eeee5ba56319c66b644b07354ed247562fe9084757d847b8bf22313,d0b306b80b32a0ca19ddfbef60170ecd9efb8678a59eaf9c8e0612143ab6257f,canary-turbo-ref-08-s260829608/evidence.json
c9825dd6fbe419ac,canary-turbo-ref-07-s260829607,compatibility,lightx-ref,ref2va,20.8879699,10.969652,false,260829607,1024,576,4,24,4,true,true,107,h264,aac,minimax-h3@benchmark-ref2va-lightx-ref,minimax-h3-ref2va.benchmark-lightx-ref@1,,,,,,e5bab4f78eeee5ba56319c66b644b07354ed247562fe9084757d847b8bf22313,19d4d59d5a28c2d06be91f39e2e5236160147438caa5e3e0850f807f200fbd72,canary-turbo-ref-07-s260829607/evidence.json
c2cfc0d48059fb12,canary-turbo-ref-06-s260829606,compatibility,lightx-ref,ref2va,20.8493851,10.866267199999998,false,260829606,1024,576,4,24,4,true,true,107,h264,aac,minimax-h3@benchmark-ref2va-lightx-ref,minimax-h3-ref2va.benchmark-lightx-ref@1,,,,,,e5bab4f78eeee5ba56319c66b644b07354ed247562fe9084757d847b8bf22313,3938da5186d4393e52801042a0d37a93b53435eeda63de4157f0c2e8123df015,canary-turbo-ref-06-s260829606/evidence.json
444ccd466aa59c63,canary-turbo-ref-05-s260829605,compatibility,lightx-ref,ref2va,20.8491019,10.975051700000002,false,260829605,1024,576,4,24,4,true,true,107,h264,aac,minimax-h3@benchmark-ref2va-lightx-ref,minimax-h3-ref2va.benchmark-lightx-ref@1,,,,,,e5bab4f78eeee5ba56319c66b644b07354ed247562fe9084757d847b8bf22313,3a5f3092314b2ed8974306720bd9f7895489b7aa00a002eeabd3e1a5b9bf549f,canary-turbo-ref-05-s260829605/evidence.json
bac35df24f7ed853,canary-turbo-ref-04-s260829604,compatibility,lightx-ref,ref2va,20.904633399999998,10.9000574,false,260829604,1024,576,4,24,4,true,true,107,h264,aac,minimax-h3@benchmark-ref2va-lightx-ref,minimax-h3-ref2va.benchmark-lightx-ref@1,,,,,,e5bab4f78eeee5ba56319c66b644b07354ed247562fe9084757d847b8bf22313,1c4a6c98b69a94b6976c9141acb03c1ddd57a68aaa78a2bddff5fbfa4648b075,canary-turbo-ref-04-s260829604/evidence.json
4f7cf930180f40e0,canary-turbo-ref-03-s260829603,compatibility,lightx-ref,ref2va,20.891792000000002,10.894363299999998,false,260829603,1024,576,4,24,4,true,true,107,h264,aac,minimax-h3@benchmark-ref2va-lightx-ref,minimax-h3-ref2va.benchmark-lightx-ref@1,,,,,,e5bab4f78eeee5ba56319c66b644b07354ed247562fe9084757d847b8bf22313,e4a564289bc2bb86641ce64d5d4efdc8d75eb9ed18da7d55fe83ce84db1702f5,canary-turbo-ref-03-s260829603/evidence.json
870bc8f0aa597f79,canary-turbo-ref-02-s260829602,compatibility,lightx-ref,ref2va,20.8900451,10.982309100000002,false,260829602,1024,576,4,24,4,true,true,107,h264,aac,minimax-h3@benchmark-ref2va-lightx-ref,minimax-h3-ref2va.benchmark-lightx-ref@1,,,,,,e5bab4f78eeee5ba56319c66b644b07354ed247562fe9084757d847b8bf22313,ff2f749f44af794978396008015d4fbbb23f83d8d9c776430484d3e25d6921ec,canary-turbo-ref-02-s260829602/evidence.json
af72463f0a2a34eb,canary-turbo-ref-01-s260829601,compatibility,lightx-ref,ref2va,51.1133747,17.1501738,false,260829601,1024,576,4,24,4,true,true,107,h264,aac,minimax-h3@benchmark-ref2va-lightx-ref,minimax-h3-ref2va.benchmark-lightx-ref@1,,,,,,e5bab4f78eeee5ba56319c66b644b07354ed247562fe9084757d847b8bf22313,c5c2be90ac8dc39d9e2789bd493d7064d3d422f3f1c9380de033f8400f6f811b,canary-turbo-ref-01-s260829601/evidence.json
dfbbe14a6b53f7e4,canary-turbo-fl-10-s260829510,compatibility,lightx-flex,fl2va,31.043193,22.0397083,false,260829510,1024,576,4,24,8,true,true,107,h264,aac,minimax-h3@benchmark-fl2va-lightx-flex,minimax-h3-fl2va.benchmark-lightx-flex@1,,,,,,e5bab4f78eeee5ba56319c66b644b07354ed247562fe9084757d847b8bf22313,754476cb48854af11fe54e531a573b05c9bac1fe5042cd8c26798bf6d3dfd752,canary-turbo-fl-10-s260829510/evidence.json
29dc11cbf66a1f7b,canary-turbo-fl-09-s260829509,compatibility,lightx-flex,fl2va,31.0590992,22.0760155,false,260829509,1024,576,4,24,8,true,true,107,h264,aac,minimax-h3@benchmark-fl2va-lightx-flex,minimax-h3-fl2va.benchmark-lightx-flex@1,,,,,,e5bab4f78eeee5ba56319c66b644b07354ed247562fe9084757d847b8bf22313,7b495089d27cff288e05ec20c81baf2f652e98e50214d3a823576bb1047caa23,canary-turbo-fl-09-s260829509/evidence.json
b9a3ec933e63c301,canary-turbo-fl-08-s260829508,compatibility,lightx-flex,fl2va,30.971470500000002,22.002340399999998,false,260829508,1024,576,4,24,8,true,true,107,h264,aac,minimax-h3@benchmark-fl2va-lightx-flex,minimax-h3-fl2va.benchmark-lightx-flex@1,,,,,,e5bab4f78eeee5ba56319c66b644b07354ed247562fe9084757d847b8bf22313,d4f2af353b21dfd893dec6fd27cc16dc6e995c0c4bdeeb1089c211e3b6f734fe,canary-turbo-fl-08-s260829508/evidence.json
485453ab343f13ba,canary-turbo-fl-07-s260829507,compatibility,lightx-flex,fl2va,30.9250498,22.063511700000003,false,260829507,1024,576,4,24,8,true,true,107,h264,aac,minimax-h3@benchmark-fl2va-lightx-flex,minimax-h3-fl2va.benchmark-lightx-flex@1,,,,,,e5bab4f78eeee5ba56319c66b644b07354ed247562fe9084757d847b8bf22313,f21c45ec3cd5ec94b6111ebaa4e88444c545be1477f5b46387763460fe1a756b,canary-turbo-fl-07-s260829507/evidence.json
4ba0d5ab6060f608,canary-turbo-fl-06-s260829506,compatibility,lightx-flex,fl2va,30.9568518,22.004090100000003,false,260829506,1024,576,4,24,8,true,true,107,h264,aac,minimax-h3@benchmark-fl2va-lightx-flex,minimax-h3-fl2va.benchmark-lightx-flex@1,,,,,,e5bab4f78eeee5ba56319c66b644b07354ed247562fe9084757d847b8bf22313,91d045b067f2a3202210da0bfe8dac6bec49c308f1281ca8056363cfb46f499b,canary-turbo-fl-06-s260829506/evidence.json
8c4709264092e025,canary-turbo-fl-05-s260829505,compatibility,lightx-flex,fl2va,30.9508394,21.9418568,false,260829505,1024,576,4,24,8,true,true,107,h264,aac,minimax-h3@benchmark-fl2va-lightx-flex,minimax-h3-fl2va.benchmark-lightx-flex@1,,,,,,e5bab4f78eeee5ba56319c66b644b07354ed247562fe9084757d847b8bf22313,efdd82857934de404d27cb78dcf8dfa4799222099df56b02cc97ec7e6fd4820d,canary-turbo-fl-05-s260829505/evidence.json
1f081b9731cfcfca,canary-turbo-fl-04-s260829504,compatibility,lightx-flex,fl2va,30.9083994,22.032177300000004,false,260829504,1024,576,4,24,8,true,true,107,h264,aac,minimax-h3@benchmark-fl2va-lightx-flex,minimax-h3-fl2va.benchmark-lightx-flex@1,,,,,,e5bab4f78eeee5ba56319c66b644b07354ed247562fe9084757d847b8bf22313,640eb45dacb85403ec21145e3bf5c97650806a3ec4b13941be7cf22c0b73fd1f,canary-turbo-fl-04-s260829504/evidence.json
1dd183c2e227f027,canary-turbo-fl-03-s260829503,compatibility,lightx-flex,fl2va,30.9140707,22.066093699999996,false,260829503,1024,576,4,24,8,true,true,107,h264,aac,minimax-h3@benchmark-fl2va-lightx-flex,minimax-h3-fl2va.benchmark-lightx-flex@1,,,,,,e5bab4f78eeee5ba56319c66b644b07354ed247562fe9084757d847b8bf22313,2ae12ef421009b386e367a762b79eed797cf506a0eff0b778125c550021ef8f9,canary-turbo-fl-03-s260829503/evidence.json
c6b7eb7cf2abcb1d,canary-turbo-fl-02-s260829502,compatibility,lightx-flex,fl2va,30.8994441,21.917974700000002,false,260829502,1024,576,4,24,8,true,true,107,h264,aac,minimax-h3@benchmark-fl2va-lightx-flex,minimax-h3-fl2va.benchmark-lightx-flex@1,,,,,,e5bab4f78eeee5ba56319c66b644b07354ed247562fe9084757d847b8bf22313,05a0ab624c709aaa028230ae05a2dc0c41284764320f02aa600531261b6a7291,canary-turbo-fl-02-s260829502/evidence.json
7c828321268e9fa3,canary-turbo-fl-01-s260829501,compatibility,lightx-flex,fl2va,51.0333737,28.863562000000005,false,260829501,1024,576,4,24,8,true,true,107,h264,aac,minimax-h3@benchmark-fl2va-lightx-flex,minimax-h3-fl2va.benchmark-lightx-flex@1,,,,,,e5bab4f78eeee5ba56319c66b644b07354ed247562fe9084757d847b8bf22313,a6a2ee4cd61bc70c381f2be3e6aec921727d9828ba0d801360ed810821f0bc76,canary-turbo-fl-01-s260829501/evidence.json
c4664e3dc69d70e6,canary-standard-ref-10-s260829410,cache,fbc-safe,ref2va,46.087678700000005,38.74169259999999,false,260829410,1024,576,4,24,20,true,true,107,h264,aac,minimax-h3@benchmark-ref2va-fbc-safe,minimax-h3-ref2va.benchmark-fbc-safe@1,,,,,,e5bab4f78eeee5ba56319c66b644b07354ed247562fe9084757d847b8bf22313,d90ac98c2b355bfd9c041325173530582ea971c36d065862cb5dc19303750f64,canary-standard-ref-10-s260829410/evidence.json
3b685a1e7360afb7,canary-standard-ref-09-s260829409,cache,fbc-safe,ref2va,46.2125014,38.8246123,false,260829409,1024,576,4,24,20,true,true,107,h264,aac,minimax-h3@benchmark-ref2va-fbc-safe,minimax-h3-ref2va.benchmark-fbc-safe@1,,,,,,e5bab4f78eeee5ba56319c66b644b07354ed247562fe9084757d847b8bf22313,b0626ffb28858fe6f2ae2e65eabdb598a107c3d2bb515f7d75f2351ac30ad36b,canary-standard-ref-09-s260829409/evidence.json
c7250d0ac49f5ab3,canary-standard-ref-08-s260829408,cache,fbc-safe,ref2va,51.0337551,38.7773257,false,260829408,1024,576,4,24,20,true,true,107,h264,aac,minimax-h3@benchmark-ref2va-fbc-safe,minimax-h3-ref2va.benchmark-fbc-safe@1,,,,,,e5bab4f78eeee5ba56319c66b644b07354ed247562fe9084757d847b8bf22313,47a708a4eece9ae4886f98066d01b3df6fd10d4af00af05496589ffdc447ea69,canary-standard-ref-08-s260829408/evidence.json
4600da459c93dfdf,canary-standard-ref-07-s260829407,cache,fbc-safe,ref2va,51.0872805,38.751062700000006,false,260829407,1024,576,4,24,20,true,true,107,h264,aac,minimax-h3@benchmark-ref2va-fbc-safe,minimax-h3-ref2va.benchmark-fbc-safe@1,,,,,,e5bab4f78eeee5ba56319c66b644b07354ed247562fe9084757d847b8bf22313,2134d9c62fa211c0eb553024b4950955a6c4b8c1b11b48051de4889fedcc57df,canary-standard-ref-07-s260829407/evidence.json
dcdd5d0ece398294,canary-standard-ref-06-s260829406,cache,fbc-safe,ref2va,46.172895399999994,38.780001000000006,false,260829406,1024,576,4,24,20,true,true,107,h264,aac,minimax-h3@benchmark-ref2va-fbc-safe,minimax-h3-ref2va.benchmark-fbc-safe@1,,,,,,e5bab4f78eeee5ba56319c66b644b07354ed247562fe9084757d847b8bf22313,787a598f920f06a143aafd131db036ba447456ededf32f9018f9a1629bc9ab24,canary-standard-ref-06-s260829406/evidence.json
3b14f72f23ef9fec,canary-standard-ref-05-s260829405,cache,fbc-safe,ref2va,46.0113101,38.7339978,false,260829405,1024,576,4,24,20,true,true,107,h264,aac,minimax-h3@benchmark-ref2va-fbc-safe,minimax-h3-ref2va.benchmark-fbc-safe@1,,,,,,e5bab4f78eeee5ba56319c66b644b07354ed247562fe9084757d847b8bf22313,e5b8dd667b6e2c8528736ce44b08717b78ccdcd3d43a52416e6f718974b6067a,canary-standard-ref-05-s260829405/evidence.json
d7bc13e0929a4754,canary-standard-ref-04-s260829404,cache,fbc-safe,ref2va,46.008191599999996,38.7525243,false,260829404,1024,576,4,24,20,true,true,107,h264,aac,minimax-h3@benchmark-ref2va-fbc-safe,minimax-h3-ref2va.benchmark-fbc-safe@1,,,,,,e5bab4f78eeee5ba56319c66b644b07354ed247562fe9084757d847b8bf22313,29d9cf0157a135df3744177f1017e31ba9cbb46e4a6da8a041949921791d4480,canary-standard-ref-04-s260829404/evidence.json
dab4f3773198f5da,canary-standard-ref-03-s260829403,cache,fbc-safe,ref2va,46.1708828,38.7122301,false,260829403,1024,576,4,24,20,true,true,107,h264,aac,minimax-h3@benchmark-ref2va-fbc-safe,minimax-h3-ref2va.benchmark-fbc-safe@1,,,,,,e5bab4f78eeee5ba56319c66b644b07354ed247562fe9084757d847b8bf22313,4b6a7ddb2d663dfd88e52704cd60b1a6a2020607d43fcab0470db60ba7375c1b,canary-standard-ref-03-s260829403/evidence.json
ff1963012802002e,canary-standard-ref-02-s260829402,cache,fbc-safe,ref2va,46.0229395,38.523219299999994,false,260829402,1024,576,4,24,20,true,true,107,h264,aac,minimax-h3@benchmark-ref2va-fbc-safe,minimax-h3-ref2va.benchmark-fbc-safe@1,,,,,,e5bab4f78eeee5ba56319c66b644b07354ed247562fe9084757d847b8bf22313,db0b648182da4719f0169fe8f35ea6a96725435d8c1841ca650cbc2e4d1cf149,canary-standard-ref-02-s260829402/evidence.json
e05d3c6db8d3ac58,canary-standard-ref-01-s260829401,cache,fbc-safe,ref2va,71.14600999999999,43.311733999999994,false,260829401,1024,576,4,24,20,true,true,107,h264,aac,minimax-h3@benchmark-ref2va-fbc-safe,minimax-h3-ref2va.benchmark-fbc-safe@1,,,,,,e5bab4f78eeee5ba56319c66b644b07354ed247562fe9084757d847b8bf22313,5ad6ff7dc9b4474dfc5580fed811466bd347496bca3a60bcbe71d4473c89e4d7,canary-standard-ref-01-s260829401/evidence.json
9b3df995a3f7da55,canary-standard-fl-10-s260829310,cache,fbc-safe,fl2va,46.4235746,39.0063294,false,260829310,1024,576,4,24,20,true,true,107,h264,aac,minimax-h3@benchmark-fl2va-fbc-safe,minimax-h3-fl2va.benchmark-fbc-safe@1,,,,,,e5bab4f78eeee5ba56319c66b644b07354ed247562fe9084757d847b8bf22313,006eca5286f0f6cd7fa39280e398d282a0ab5d756693778d15b757b47f6d5a66,canary-standard-fl-10-s260829310/evidence.json
afdb120de67df85e,canary-standard-fl-09-s260829309,cache,fbc-safe,fl2va,46.320883800000004,39.005557800000005,false,260829309,1024,576,4,24,20,true,true,107,h264,aac,minimax-h3@benchmark-fl2va-fbc-safe,minimax-h3-fl2va.benchmark-fbc-safe@1,,,,,,e5bab4f78eeee5ba56319c66b644b07354ed247562fe9084757d847b8bf22313,4cbab033207c1b9cfacf319b957a891d79c637b1f319e29d6a3e24307cf0850f,canary-standard-fl-09-s260829309/evidence.json
8c6b527bb2caa714,canary-standard-fl-08-s260829308,cache,fbc-safe,fl2va,51.1229225,39.0544662,false,260829308,1024,576,4,24,20,true,true,107,h264,aac,minimax-h3@benchmark-fl2va-fbc-safe,minimax-h3-fl2va.benchmark-fbc-safe@1,,,,,,e5bab4f78eeee5ba56319c66b644b07354ed247562fe9084757d847b8bf22313,d956018a1e8865fd1198da1d5d0be1c5b20c3829fe1b0701185536347aa554fb,canary-standard-fl-08-s260829308/evidence.json
542a3322ab65bf0d,canary-standard-fl-07-s260829307,cache,fbc-safe,fl2va,51.032438199999994,39.189061200000005,false,260829307,1024,576,4,24,20,true,true,107,h264,aac,minimax-h3@benchmark-fl2va-fbc-safe,minimax-h3-fl2va.benchmark-fbc-safe@1,,,,,,e5bab4f78eeee5ba56319c66b644b07354ed247562fe9084757d847b8bf22313,222fa6666811017d938014586162d8932c36d9095c9dd736183270dcc4dcc52e,canary-standard-fl-07-s260829307/evidence.json
90acaa48fa48d10a,canary-standard-fl-06-s260829306,cache,fbc-safe,fl2va,51.056316599999995,41.7665733,false,260829306,1024,576,4,24,20,true,true,107,h264,aac,minimax-h3@benchmark-fl2va-fbc-safe,minimax-h3-fl2va.benchmark-fbc-safe@1,,,,,,e5bab4f78eeee5ba56319c66b644b07354ed247562fe9084757d847b8bf22313,57c3c834307dcaa3c814e50ea8cc114245b7e82457f90a77364c2a19f09cddb3,canary-standard-fl-06-s260829306/evidence.json
ac2761e1e8783df3,canary-standard-fl-05-s260829305,cache,fbc-safe,fl2va,50.9487681,39.1332556,false,260829305,1024,576,4,24,20,true,true,107,h264,aac,minimax-h3@benchmark-fl2va-fbc-safe,minimax-h3-fl2va.benchmark-fbc-safe@1,,,,,,e5bab4f78eeee5ba56319c66b644b07354ed247562fe9084757d847b8bf22313,f3046e5e67a4f2e1986ae41326c2b8cf3db7b37294ac7214c6f9ac3e9b45e437,canary-standard-fl-05-s260829305/evidence.json
0b25a3ab96ce8062,canary-standard-fl-04-s260829304,cache,fbc-safe,fl2va,51.0848181,41.667252600000005,false,260829304,1024,576,4,24,20,true,true,107,h264,aac,minimax-h3@benchmark-fl2va-fbc-safe,minimax-h3-fl2va.benchmark-fbc-safe@1,,,,,,e5bab4f78eeee5ba56319c66b644b07354ed247562fe9084757d847b8bf22313,0d517a6bdb77ed05195739d1b1c376723b5d9acba46221b09a7d7542cda4530a,canary-standard-fl-04-s260829304/evidence.json
ff7effa6f9859288,canary-standard-fl-03-s260829303,cache,fbc-safe,fl2va,50.9947325,41.285483400000004,false,260829303,1024,576,4,24,20,true,true,107,h264,aac,minimax-h3@benchmark-fl2va-fbc-safe,minimax-h3-fl2va.benchmark-fbc-safe@1,,,,,,e5bab4f78eeee5ba56319c66b644b07354ed247562fe9084757d847b8bf22313,f84e830dd9effb1d42d3e2225ac4358acbdbd6598325b18ef84784eb00148fd2,canary-standard-fl-03-s260829303/evidence.json
78d770c68e4963bd,canary-standard-fl-02-s260829302,cache,fbc-safe,fl2va,45.9504245,38.5518652,false,260829302,1024,576,4,24,20,true,true,107,h264,aac,minimax-h3@benchmark-fl2va-fbc-safe,minimax-h3-fl2va.benchmark-fbc-safe@1,,,,,,e5bab4f78eeee5ba56319c66b644b07354ed247562fe9084757d847b8bf22313,78699bdb135bef5643508fb19555c4e14ff112e73b333fda041b08d491751d34,canary-standard-fl-02-s260829302/evidence.json
7ad2fc13b7816d38,canary-standard-fl-01-s260829301,cache,fbc-safe,fl2va,71.11009689999999,43.878582800000004,false,260829301,1024,576,4,24,20,true,true,107,h264,aac,minimax-h3@benchmark-fl2va-fbc-safe,minimax-h3-fl2va.benchmark-fbc-safe@1,,,,,,e5bab4f78eeee5ba56319c66b644b07354ed247562fe9084757d847b8bf22313,7c2d001d02fa17a973e16a5d680c9e26c6058861c7849fe4aadc92e6ad28b82f,canary-standard-fl-01-s260829301/evidence.json
fcb8494190cb9684,final-fl-dialogue-structured-lightx768-pair1-s260829003,other,lightx-768,fl2va,363.3568164,322.0938377,false,260829003,1344,768,15,24,8,true,true,362,h264,aac,minimax-h3@benchmark-fl2va-lightx-768,minimax-h3-fl2va.benchmark-lightx-768@1,,,,,,e5bab4f78eeee5ba56319c66b644b07354ed247562fe9084757d847b8bf22313,f29625069c397e644978eac140af41914ff59fadcb001ac7565de1fb93e75f14,final-fl-dialogue-structured-lightx768-pair1-s260829003/evidence.json
f4668de1f32b5344,final-fl-dialogue-structured-cab12-pair1-s260829003,cache,cab-12,fl2va,519.2446161,479.6059148,false,260829003,1344,768,15,24,12,true,true,362,h264,aac,minimax-h3@benchmark-fl2va-cab-12,minimax-h3-fl2va.benchmark-cab-12@1,,,,,,e5bab4f78eeee5ba56319c66b644b07354ed247562fe9084757d847b8bf22313,7b130c9e83d578775ba920d957b77191c4193d180e2e0eb348de49e093601c84,final-fl-dialogue-structured-cab12-pair1-s260829003/evidence.json
345a999cc053caa5,final-fl-dialogue-structured-fbc-safe-pair1-s260829003,cache,fbc-safe,fl2va,647.3081626000001,607.7272432,false,260829003,1344,768,15,24,20,true,true,362,h264,aac,minimax-h3@benchmark-fl2va-fbc-safe,minimax-h3-fl2va.benchmark-fbc-safe@1,,,,,,37803596f3dfcb9447528a1084b60ccf1d2406cc2446b3086ab5a9a21c87802c,ab050cb0558839e3c3cde5be3ca6447bb750b0f782a7b39715846b088eae7a45,final-fl-dialogue-structured-fbc-safe-pair1-s260829003/evidence.json
a7d9dd95ba91fc6a,final-fl-dialogue-structured-sage-control-s260829003,attention,sage,fl2va,851.5335875999999,808.8151788,false,260829003,1344,768,15,24,20,true,true,362,h264,aac,minimax-h3@benchmark-fl2va-sage,minimax-h3-fl2va.benchmark-sage@1,,,,,,37803596f3dfcb9447528a1084b60ccf1d2406cc2446b3086ab5a9a21c87802c,7503a331aa1de8cc60b71ce5db1d3d646625dfd5694fdcdd96b9177fed28516f,final-fl-dialogue-structured-sage-control-s260829003/evidence.json
3244f501da9278a0,fixturecheck-fl-dialogue-structured-sage-s260829002,attention,sage,fl2va,85.14148749999998,56.58895479999999,false,260829002,1024,576,4,24,20,true,true,107,h264,aac,minimax-h3@benchmark-fl2va-sage,minimax-h3-fl2va.benchmark-sage@1,,,,,,37803596f3dfcb9447528a1084b60ccf1d2406cc2446b3086ab5a9a21c87802c,b701899559bac03b2e9de0b1731290ab1cdf83c8a376f46b0a110b258d91aa7c,fixturecheck-fl-dialogue-structured-sage-s260829002/evidence.json
cf9308fea18ada95,final-fl-dialogue-sage-cold-s260829001,attention,sage,fl2va,850.802061,802.551081,false,260829001,1344,768,15,24,20,true,true,362,h264,aac,minimax-h3@benchmark-fl2va-sage,minimax-h3-fl2va.benchmark-sage@1,,,,,,37803596f3dfcb9447528a1084b60ccf1d2406cc2446b3086ab5a9a21c87802c,dc6e0d5729673e9936ef79fe103a958bd843f15e67765ac5aa5c1277230995b3,final-fl-dialogue-sage-cold-s260829001/evidence.json
3b49623637015206,fl2va-nvfp4-fused-fbc-safe-warm1-s260828005,cache,nvfp4-fused-fbc-safe,fl2va,51.0099788,42.87248,false,260828005,1024,576,4,24,20,true,true,107,h264,aac,minimax-h3@benchmark-fl2va-nvfp4-fused-fbc-safe,minimax-h3-fl2va.benchmark-nvfp4-fused-fbc-safe@1,,,,,,37803596f3dfcb9447528a1084b60ccf1d2406cc2446b3086ab5a9a21c87802c,360ea9cbaa1b657f9974b425ac5bd65ad41ca60cedd28cc9148ef03eadfaf721,fl2va-nvfp4-fused-fbc-safe-warm1-s260828005/evidence.json
8fc2fc203a248345,fl2va-nvfp4-fused-warm2-s260828004,attention,nvfp4-fused,fl2va,50.878334100000004,43.214531799999996,false,260828004,1024,576,4,24,20,true,true,107,h264,aac,minimax-h3@benchmark-fl2va-nvfp4-fused,minimax-h3-fl2va.benchmark-nvfp4-fused@1,,,,,,37803596f3dfcb9447528a1084b60ccf1d2406cc2446b3086ab5a9a21c87802c,408926e6efe46ebe31efc3900fe6299866cb1e7a520313ca0c95d0bdc25a8b6c,fl2va-nvfp4-fused-warm2-s260828004/evidence.json
63cbeefb080d3a31,fl2va-nvfp4-fused-warm1-s260828003,attention,nvfp4-fused,fl2va,50.878216,43.07570619999999,false,260828003,1024,576,4,24,20,true,true,107,h264,aac,minimax-h3@benchmark-fl2va-nvfp4-fused,minimax-h3-fl2va.benchmark-nvfp4-fused@1,,,,,,37803596f3dfcb9447528a1084b60ccf1d2406cc2446b3086ab5a9a21c87802c,4fd7b48b806c823b6a9dbfc9e1b066e9707831e76cc2baa1ac88679f5edfb658,fl2va-nvfp4-fused-warm1-s260828003/evidence.json
8110fcb30f33317e,fl2va-nvfp4-fused-warm1,attention,nvfp4-fused,fl2va,1.7360772000000002,0,true,260828001,1024,576,4,24,20,true,true,107,h264,aac,minimax-h3@benchmark-fl2va-nvfp4-fused,minimax-h3-fl2va.benchmark-nvfp4-fused@1,,,,,,37803596f3dfcb9447528a1084b60ccf1d2406cc2446b3086ab5a9a21c87802c,3afde7450f4c2823846dff7b5ca1ce4f6233228e0bfcd6d0fec0991c14bf0513,fl2va-nvfp4-fused-warm1/evidence.json
cfadefcda66581e4,fl2va-nvfp4-fused-cold,attention,nvfp4-fused,fl2va,63.841609399999996,43.781607,false,260828001,1024,576,4,24,20,true,true,107,h264,aac,minimax-h3@benchmark-fl2va-nvfp4-fused,minimax-h3-fl2va.benchmark-nvfp4-fused@1,,,,,,37803596f3dfcb9447528a1084b60ccf1d2406cc2446b3086ab5a9a21c87802c,75f75b0d83614ad890e01b32b2e1ab147d360a113d764b23b3984d70b1ebff68,fl2va-nvfp4-fused-cold/evidence.json
f92fdaa0ecaed52e,ref2va-lightx4-fbcfast-pair-s260828102,cache,lightx-ref-fbc-fast,ref2va,18.9539064,10.8994807,false,260828102,576,1024,4,24,4,true,true,107,h264,aac,minimax-h3@benchmark-ref2va-lightx-ref-fbc-fast,minimax-h3-ref2va.benchmark-lightx-ref-fbc-fast@1,,,,,,37803596f3dfcb9447528a1084b60ccf1d2406cc2446b3086ab5a9a21c87802c,,ref2va-lightx4-fbcfast-pair-s260828102/evidence.json
3d17210025a81463,ref2va-lightx4-pair-s260828102,other,lightx-ref,ref2va,17.9422919,10.7394722,false,260828102,576,1024,4,24,4,true,true,107,h264,aac,minimax-h3@benchmark-ref2va-lightx-ref,minimax-h3-ref2va.benchmark-lightx-ref@1,,,,,,37803596f3dfcb9447528a1084b60ccf1d2406cc2446b3086ab5a9a21c87802c,,ref2va-lightx4-pair-s260828102/evidence.json
fd80528996f19ba3,ref2va-lightx4-fbcfast-s260828101,cache,lightx-ref-fbc-fast,ref2va,18.751930100000003,10.908579099999999,false,260828101,576,1024,4,24,4,true,true,107,h264,aac,minimax-h3@benchmark-ref2va-lightx-ref-fbc-fast,minimax-h3-ref2va.benchmark-lightx-ref-fbc-fast@1,,,,,,37803596f3dfcb9447528a1084b60ccf1d2406cc2446b3086ab5a9a21c87802c,,ref2va-lightx4-fbcfast-s260828101/evidence.json
8abf2de61f503356,ref2va-lightx4-s260828101,other,lightx-ref,ref2va,19.813299200000003,12.2863678,false,260828101,576,1024,4,24,4,true,true,107,h264,aac,minimax-h3@benchmark-ref2va-lightx-ref,minimax-h3-ref2va.benchmark-lightx-ref@1,,,,,,37803596f3dfcb9447528a1084b60ccf1d2406cc2446b3086ab5a9a21c87802c,,ref2va-lightx4-s260828101/evidence.json
40e0ca652c6778c9,ref2va-cab10-s260828101,cache,cab-10,ref2va,35.08071279999999,27.1365305,false,260828101,576,1024,4,24,10,true,true,107,h264,aac,minimax-h3@benchmark-ref2va-cab-10,minimax-h3-ref2va.benchmark-cab-10@1,,,,,,37803596f3dfcb9447528a1084b60ccf1d2406cc2446b3086ab5a9a21c87802c,,ref2va-cab10-s260828101/evidence.json
05e40b238d39bc28,ref2va-cab12-s260828101,cache,cab-12,ref2va,40.282496699999996,32.4659585,false,260828101,576,1024,4,24,12,true,true,107,h264,aac,minimax-h3@benchmark-ref2va-cab-12,minimax-h3-ref2va.benchmark-cab-12@1,,,,,,37803596f3dfcb9447528a1084b60ccf1d2406cc2446b3086ab5a9a21c87802c,,ref2va-cab12-s260828101/evidence.json
c99bfabfbd79f6d5,ref2va-fbc-safe-warm2-s260828103,cache,fbc-safe,ref2va,45.6828948,38.3950529,false,260828103,576,1024,4,24,20,true,true,107,h264,aac,minimax-h3@benchmark-ref2va-fbc-safe,minimax-h3-ref2va.benchmark-fbc-safe@1,,,,,,37803596f3dfcb9447528a1084b60ccf1d2406cc2446b3086ab5a9a21c87802c,,ref2va-fbc-safe-warm2-s260828103/evidence.json
32e0bec9dabc266e,ref2va-sage-pair-s260828103,attention,sage,ref2va,61.5148929,54.296588199999995,false,260828103,576,1024,4,24,20,true,true,107,h264,aac,minimax-h3@benchmark-ref2va-sage,minimax-h3-ref2va.benchmark-sage@1,,,,,,37803596f3dfcb9447528a1084b60ccf1d2406cc2446b3086ab5a9a21c87802c,,ref2va-sage-pair-s260828103/evidence.json
5302444708994491,ref2va-fbc-safe-warm1-s260828101,cache,fbc-safe,ref2va,45.75168790000001,38.2346326,false,260828101,576,1024,4,24,20,true,true,107,h264,aac,minimax-h3@benchmark-ref2va-fbc-safe,minimax-h3-ref2va.benchmark-fbc-safe@1,,,,,,37803596f3dfcb9447528a1084b60ccf1d2406cc2446b3086ab5a9a21c87802c,,ref2va-fbc-safe-warm1-s260828101/evidence.json
9bd9407921655e38,ref2va-plain-warm2-s260828102,other,plain,ref2va,92.07206629999999,84.6629171,false,260828102,576,1024,4,24,20,true,true,107,h264,aac,minimax-h3@benchmark-ref2va-plain,minimax-h3-ref2va.benchmark-plain@1,,,,,,37803596f3dfcb9447528a1084b60ccf1d2406cc2446b3086ab5a9a21c87802c,,ref2va-plain-warm2-s260828102/evidence.json
9b28ccf5635780b9,ref2va-sage-warm2-s260828102,attention,sage,ref2va,61.6203354,54.078631400000006,false,260828102,576,1024,4,24,20,true,true,107,h264,aac,minimax-h3@benchmark-ref2va-sage,minimax-h3-ref2va.benchmark-sage@1,,,,,,37803596f3dfcb9447528a1084b60ccf1d2406cc2446b3086ab5a9a21c87802c,,ref2va-sage-warm2-s260828102/evidence.json
e9086428444396d2,ref2va-sage-warm1-s260828101,attention,sage,ref2va,61.7915546,54.0887846,false,260828101,576,1024,4,24,20,true,true,107,h264,aac,minimax-h3@benchmark-ref2va-sage,minimax-h3-ref2va.benchmark-sage@1,,,,,,37803596f3dfcb9447528a1084b60ccf1d2406cc2446b3086ab5a9a21c87802c,,ref2va-sage-warm1-s260828101/evidence.json
85ec4d642c097864,ref2va-plain-warm1-s260828101,other,plain,ref2va,92.0683569,84.60086100000001,false,260828101,576,1024,4,24,20,true,true,107,h264,aac,minimax-h3@benchmark-ref2va-plain,minimax-h3-ref2va.benchmark-plain@1,,,,,,37803596f3dfcb9447528a1084b60ccf1d2406cc2446b3086ab5a9a21c87802c,,ref2va-plain-warm1-s260828101/evidence.json
7e65a90b1295dd8d,ref2va-plain-cold-s260828100,other,plain,ref2va,113.126352,88.26214230000001,false,260828100,576,1024,4,24,20,true,true,107,h264,aac,minimax-h3@benchmark-ref2va-plain,minimax-h3-ref2va.benchmark-plain@1,,,,,,37803596f3dfcb9447528a1084b60ccf1d2406cc2446b3086ab5a9a21c87802c,,ref2va-plain-cold-s260828100/evidence.json
e30548514628b609,fl2va-fbc-fast-s260828001,cache,fbc-fast,fl2va,43.4618596,35.90129399999999,false,260828001,1024,576,4,24,20,true,true,107,h264,aac,minimax-h3@benchmark-fl2va-fbc-fast,minimax-h3-fl2va.benchmark-fbc-fast@1,,,,,,37803596f3dfcb9447528a1084b60ccf1d2406cc2446b3086ab5a9a21c87802c,,fl2va-fbc-fast-s260828001/evidence.json
d300980eb6b809bb,fl2va-lightx-flex-fbcfast-s260828001,cache,lightx-flex-fbc-fast,fl2va,33.838463000000004,22.9303186,false,260828001,1024,576,4,24,8,true,true,107,h264,aac,minimax-h3@benchmark-fl2va-lightx-flex-fbc-fast,minimax-h3-fl2va.benchmark-lightx-flex-fbc-fast@1,,,,,,37803596f3dfcb9447528a1084b60ccf1d2406cc2446b3086ab5a9a21c87802c,,fl2va-lightx-flex-fbcfast-s260828001/evidence.json
dc1a4c6de414bcba,fl2va-lightx-768-s260828001,other,lightx-768,fl2va,89.8077469,49.8701566,false,260828001,1344,768,4,24,8,true,true,107,h264,aac,minimax-h3@benchmark-fl2va-lightx-768,minimax-h3-fl2va.benchmark-lightx-768@1,,,,,,37803596f3dfcb9447528a1084b60ccf1d2406cc2446b3086ab5a9a21c87802c,,fl2va-lightx-768-s260828001/evidence.json
d4de4464f8ca7299,fl2va-lightx-flex-s260828001,other,lightx-flex,fl2va,31.8480631,24.160389300000002,false,260828001,1024,576,4,24,8,true,true,107,h264,aac,minimax-h3@benchmark-fl2va-lightx-flex,minimax-h3-fl2va.benchmark-lightx-flex@1,,,,,,37803596f3dfcb9447528a1084b60ccf1d2406cc2446b3086ab5a9a21c87802c,,fl2va-lightx-flex-s260828001/evidence.json
1524c50cfb65d4e3,fl2va-cab10-s260828001,cache,cab-10,fl2va,34.9106388,27.1860086,false,260828001,1024,576,4,24,10,true,true,107,h264,aac,minimax-h3@benchmark-fl2va-cab-10,minimax-h3-fl2va.benchmark-cab-10@1,,,,,,37803596f3dfcb9447528a1084b60ccf1d2406cc2446b3086ab5a9a21c87802c,,fl2va-cab10-s260828001/evidence.json
276986486846ffa9,fl2va-cab12-s260828001,cache,cab-12,fl2va,40.3121803,32.5164269,false,260828001,1024,576,4,24,12,true,true,107,h264,aac,minimax-h3@benchmark-fl2va-cab-12,minimax-h3-fl2va.benchmark-cab-12@1,,,,,,37803596f3dfcb9447528a1084b60ccf1d2406cc2446b3086ab5a9a21c87802c,,fl2va-cab12-s260828001/evidence.json
280ab8bf71f8db7b,fl2va-cab14-corrected-s260828001,cache,cab-14,fl2va,44.63477149999999,37.3589249,false,260828001,1024,576,4,24,14,true,true,107,h264,aac,minimax-h3@benchmark-fl2va-cab-14,minimax-h3-fl2va.benchmark-cab-14@1,,,,,,37803596f3dfcb9447528a1084b60ccf1d2406cc2446b3086ab5a9a21c87802c,,fl2va-cab14-corrected-s260828001/evidence.json
6820f2f500ebf1b1,fl2va-cab14-once-s260828001,cache,cab-14,fl2va,61.6792316,54.385469400000005,false,260828001,1024,576,4,24,,true,true,107,h264,aac,minimax-h3@benchmark-fl2va-cab-14,minimax-h3-fl2va.benchmark-cab-14@1,,,,,,37803596f3dfcb9447528a1084b60ccf1d2406cc2446b3086ab5a9a21c87802c,,fl2va-cab14-once-s260828001/evidence.json
c2f45ebf0ea71ea9,fl2va-fused-accurate-once-s260828001,attention,fused-accurate,fl2va,62.041012599999995,54.3407395,false,260828001,1024,576,4,24,,true,true,107,h264,aac,minimax-h3@benchmark-fl2va-fused-accurate,minimax-h3-fl2va.benchmark-fused-accurate@1,,,,,,37803596f3dfcb9447528a1084b60ccf1d2406cc2446b3086ab5a9a21c87802c,,fl2va-fused-accurate-once-s260828001/evidence.json
2d59ebb50d0fee04,fl2va-sol-saganaki-once-s260828001,attention,sol-saganaki,fl2va,61.4621702,53.324614100000005,false,260828001,1024,576,4,24,,true,true,107,h264,aac,minimax-h3@benchmark-fl2va-sol-saganaki,minimax-h3-fl2va.benchmark-sol-saganaki@1,,,,,,37803596f3dfcb9447528a1084b60ccf1d2406cc2446b3086ab5a9a21c87802c,,fl2va-sol-saganaki-once-s260828001/evidence.json
2a41cd51117c467a,fl2va-sol-triton-warm-s260828003,attention,sol-triton,fl2va,72.208804,64.410746,false,260828003,1024,576,4,24,,true,true,107,h264,aac,minimax-h3@benchmark-fl2va-sol-triton,minimax-h3-fl2va.benchmark-sol-triton@1,,,,,,37803596f3dfcb9447528a1084b60ccf1d2406cc2446b3086ab5a9a21c87802c,,fl2va-sol-triton-warm-s260828003/evidence.json
1c8855083be9647d,fl2va-sol-triton-cold-s260828001,attention,sol-triton,fl2va,85.2202423,77.64455650000001,false,260828001,1024,576,4,24,,true,true,107,h264,aac,minimax-h3@benchmark-fl2va-sol-triton,minimax-h3-fl2va.benchmark-sol-triton@1,,,,,,37803596f3dfcb9447528a1084b60ccf1d2406cc2446b3086ab5a9a21c87802c,,fl2va-sol-triton-cold-s260828001/evidence.json
1509f402a7898838,fl2va-fbc-safe-warm2-s260828004,cache,fbc-safe,fl2va,46.7251421,38.6371844,false,260828004,1024,576,4,24,,true,true,107,h264,aac,minimax-h3@benchmark-fl2va-fbc-safe,minimax-h3-fl2va.benchmark-fbc-safe@1,,,,,,37803596f3dfcb9447528a1084b60ccf1d2406cc2446b3086ab5a9a21c87802c,,fl2va-fbc-safe-warm2-s260828004/evidence.json
2f1666196375ed22,fl2va-sage-pair2-s260828004,attention,sage,fl2va,62.591813499999994,54.5238728,false,260828004,1024,576,4,24,,true,true,107,h264,aac,minimax-h3@benchmark-fl2va-sage,minimax-h3-fl2va.benchmark-sage@1,,,,,,37803596f3dfcb9447528a1084b60ccf1d2406cc2446b3086ab5a9a21c87802c,,fl2va-sage-pair2-s260828004/evidence.json
c2b7e93151a8fbdd,fl2va-sage-pair1-s260828003,attention,sage,fl2va,61.8308719,54.457348599999996,false,260828003,1024,576,4,24,,true,true,107,h264,aac,minimax-h3@benchmark-fl2va-sage,minimax-h3-fl2va.benchmark-sage@1,,,,,,37803596f3dfcb9447528a1084b60ccf1d2406cc2446b3086ab5a9a21c87802c,,fl2va-sage-pair1-s260828003/evidence.json
e40dd6454d86826e,fl2va-fbc-safe-warm1-s260828003,cache,fbc-safe,fl2va,45.7305672,38.33915519999999,false,260828003,1024,576,4,24,,true,true,107,h264,aac,minimax-h3@benchmark-fl2va-fbc-safe,minimax-h3-fl2va.benchmark-fbc-safe@1,,,,,,37803596f3dfcb9447528a1084b60ccf1d2406cc2446b3086ab5a9a21c87802c,,fl2va-fbc-safe-warm1-s260828003/evidence.json
b6fc21b47c50b7d1,fl2va-fbc-safe-cold-s260828001,cache,fbc-safe,fl2va,60.6753217,44.2347324,false,260828001,1024,576,4,24,,true,true,107,h264,aac,minimax-h3@benchmark-fl2va-fbc-safe,minimax-h3-fl2va.benchmark-fbc-safe@1,,,,,,37803596f3dfcb9447528a1084b60ccf1d2406cc2446b3086ab5a9a21c87802c,,fl2va-fbc-safe-cold-s260828001/evidence.json
d1d94b4a782c6107,fl2va-sage-clonepatched-warm1-s260828003,attention,sage,fl2va,62.4658692,54.4455626,false,260828003,1024,576,4,24,,true,true,107,h264,aac,minimax-h3@benchmark-fl2va-sage,minimax-h3-fl2va.benchmark-sage@1,,,,,,37803596f3dfcb9447528a1084b60ccf1d2406cc2446b3086ab5a9a21c87802c,,fl2va-sage-clonepatched-warm1-s260828003/evidence.json
9a9d6c78ea3ccc32,fl2va-sage-clonepatched-cold-s260828001,attention,sage,fl2va,76.47107179999999,60.172666600000014,false,260828001,1024,576,4,24,,true,true,107,h264,aac,minimax-h3@benchmark-fl2va-sage,minimax-h3-fl2va.benchmark-sage@1,,,,,,37803596f3dfcb9447528a1084b60ccf1d2406cc2446b3086ab5a9a21c87802c,,fl2va-sage-clonepatched-cold-s260828001/evidence.json
eb8ce1d9bc2b2e84,fl2va-plain-warm2-s260828002,other,plain,fl2va,93.03958,85.3321114,false,260828002,1024,576,4,24,,true,true,107,h264,aac,minimax-h3@benchmark-fl2va-plain,minimax-h3-fl2va.benchmark-plain@1,,,,,,37803596f3dfcb9447528a1084b60ccf1d2406cc2446b3086ab5a9a21c87802c,,fl2va-plain-warm2-s260828002/evidence.json
c7ed572c820cee4a,fl2va-sage-warm2-s260828002,attention,sage,fl2va,62.663686,54.358475,false,260828002,1024,576,4,24,,true,true,107,h264,aac,minimax-h3@benchmark-fl2va-sage,minimax-h3-fl2va.benchmark-sage@1,,,,,,37803596f3dfcb9447528a1084b60ccf1d2406cc2446b3086ab5a9a21c87802c,,fl2va-sage-warm2-s260828002/evidence.json
2257dba6d709095b,fl2va-sage-warm1-s260828001,attention,sage,fl2va,61.3066001,53.81051480000001,false,260828001,1024,576,4,24,,true,true,107,h264,aac,minimax-h3@benchmark-fl2va-sage,minimax-h3-fl2va.benchmark-sage@1,,,,,,37803596f3dfcb9447528a1084b60ccf1d2406cc2446b3086ab5a9a21c87802c,,fl2va-sage-warm1-s260828001/evidence.json
e3b82c5e1370854a,fl2va-plain-warm1-s260828001,other,plain,fl2va,93.2643735,85.2774909,false,260828001,1024,576,4,24,,true,true,107,h264,aac,minimax-h3@benchmark-fl2va-plain,minimax-h3-fl2va.benchmark-plain@1,,,,,,37803596f3dfcb9447528a1084b60ccf1d2406cc2446b3086ab5a9a21c87802c,,fl2va-plain-warm1-s260828001/evidence.json
d509e65637b53730,fl2va-plain-cold-s260828000,other,plain,fl2va,114.7210413,91.44117240000001,false,260828000,1024,576,4,24,,true,true,107,h264,aac,minimax-h3@benchmark-fl2va-plain,minimax-h3-fl2va.benchmark-plain@1,,,,,,37803596f3dfcb9447528a1084b60ccf1d2406cc2446b3086ab5a9a21c87802c,,fl2va-plain-cold-s260828000/evidence.json
62b3f96674392c15,canonical-pdd-fl2va-r1,canonical,pdd,fl2va,756.555,,false,81390012120021180,768,1344,15.084,24,,,true,362,h264,aac,,,,,,,,,,canonical-pdd-vs-standard-20260830/01-pdd-recovered-evidence.json
c780022747038d22,fiveframe-lora-040,image-workflow,,,22.343,,false,,768,1344,,,,,,,,,,,,,,,,,,h3-oneframe-photoreal-20260901/fiveframe-photoreal-summary.json
b49fd3eb314b998e,fiveframe-lora-070,image-workflow,,,6.106,,false,,768,1344,,,,,,,,,,,,,,,,,,h3-oneframe-photoreal-20260901/fiveframe-photoreal-summary.json
597f8eefb44503ab,MiniMax H3 Turbo FL2VA flexible signed variant,other,,fl2va,45.961,,false,,1024,576,4,24,8,true,true,107,h264,aac,minimax-h3@32,minimax-h3-fl2va.turbo@1,h3_sageattention2,,,euler,simple,a4498fa9997e8c6be53140ca1d05b1a99262c425def292ec0e70d49616530a82,,signed-flexible-validation/evidence.json
9000bb3e52a540a4,MiniMax H3 Turbo FL2VA flexible signed variant with two creator LoRAs,other,,fl2va,30.519,,false,,1024,576,4,24,8,true,true,107,h264,aac,minimax-h3@32,minimax-h3-fl2va.turbo@1,h3_sageattention2,,,euler,simple,a4498fa9997e8c6be53140ca1d05b1a99262c425def292ec0e70d49616530a82,,signed-flexible-validation/evidence.json
bb518ebcc96c0c95,oneframe-hires-lora-070,image-workflow,,,12.185,,false,,1152,2048,,,,,,,,,,,,,,,,,,h3-oneframe-photoreal-20260901/summary.json
